6094872	City	Hengshui	衡水	Hengshui, China	衡水, 中国	37.777546	115.818840	37.73827830280158	115.66428771104609
6095014	City	Benxi	本溪	Benxi, China	本溪, 中国	41.232418	124.536407	41.48484972285664	123.67931061295091
6124883	City	Yichun	宜春	Yichun, China	宜春, 中国	47.723003	128.848404	47.725269323532615	128.83409440872848
6124889	City	Daqing	大庆	Daqing, China	大庆, 中国	46.366016	124.709457	46.587205219878875	125.0967304560664
6125395	City	Ma'anshan	马鞍山	Ma'anshan, China	马鞍山, 中国	31.589214	118.623497	31.672432224775427	118.50183256914305
6130878	City	Panzhihua	攀枝花	Panzhihua, China	攀枝花, 中国	26.802233	101.723488	26.585914894189024	101.7170625341634
6131919	City	Dongying	东营	Dongying, China	东营, 中国	37.727276	118.694962	37.43328523674275	118.66894722710529
6131928	City	Guangyuan	广元市	Guangyuan, China	广元市, 中国	32.288544	105.835777	32.43783451806642	105.83965135520522
6131937	City	Wenshan	文山	Wenshan, China	文山, 中国	23.691486	104.714478	23.40338418739771	104.21414734304132
6131940	City	Xilinhot	锡林浩特	Xilinhot, China	锡林浩特, 中国	43.945938	116.214043	43.931172309179	116.07913971864359
6131985	City	Shiyan	十堰	Shiyan, China	十堰, 中国	32.457764	110.436363	32.63158781303592	110.79294616724239
6134071	City	Liaocheng	聊城	Liaocheng, China	聊城, 中国	36.460155	115.876350	36.456942000771924	115.97977937106357
6134469	City	Laiwu	莱芜	Laiwu, China	莱芜, 中国	36.271587	117.646858	36.213816060153164	117.6708422028147
6134483	City	Dezhou	德州	Dezhou, China	德州, 中国	37.244419	116.650307	37.433226095064384	116.35156349889057
6134485	City	Binzhou	滨州	Binzhou, China	滨州, 中国	37.559784	117.860146	37.38133078097622	117.9647956841683
6197153	City	Linxia	临夏	Linxia, China	临夏, 中国	35.629948	103.277184	35.601541810510234	103.20829559785658
6140610	City	Anyang	安阳	Anyang, China	安阳, 中国	35.870216	114.363876	36.09740330284479	114.38630227403979
6155332	City	Baiyin	白银	Baiyin, China	白银, 中国	36.602943	104.607773	36.54492351028582	104.1357686429109
6156023	City	Huanggang	黄冈	Huanggang, China	黄冈, 中国	30.719421	115.342278	30.45633242987214	114.86713639639423
6156908	City	Zhongwei	中卫	Zhongwei, China	中卫, 中国	37.052696	105.474075	37.49941788188501	105.19313430390146
6156909	City	Pu'er	普洱	Pu'er, China	普洱, 中国	23.188145	100.721909	22.828056518370584	100.96533502181076
6197497	City	Shigatse	日喀则	Shigatse, China	日喀则, 中国	29.515020	86.429283	29.27365689622879	88.8852399985873
6197276	City	Akto	阿克陶	Akto, China	阿克陶, 中国	38.612495	75.234909	39.14781594826557	75.94456861259903
6196433	City	Shennongjia	神农架	Shennongjia, China	神农架, 中国	31.584774	110.491684	31.745659011314086	110.67534078085444
6197132	City	Guyuan	固原	Guyuan, China	固原, 中国	35.949814	106.182953	36.01603940763291	106.2384147388149
6197223	City	Ruoqiang	若羌	Ruoqiang, China	若羌, 中国	38.943089	89.833954	39.022838908673656	88.16435694057436
6197510	City	Xinzhou	忻州	Xinzhou, China	忻州, 中国	38.857697	112.360687	38.4160821456272	112.72760562205411
6197511	City	Shuozhou	朔州	Shuozhou, China	朔州, 中国	39.622726	112.646332	39.33043350553137	112.42597840553383
6226575	City	Deqin	德钦	Deqin, China	德钦, 中国	27.958357	99.441376	28.48982867103053	98.91111627416245
6207926	City	Huludao	葫芦岛	Huludao, China	葫芦岛, 中国	40.625732	120.194328	40.709591167648284	120.83176505388114
6207930	City	Dazhou	达州	Dazhou, China	达州, 中国	31.227455	107.462952	31.21171713957425	107.46336774094061
6207931	City	Changji	昌吉	Changji, China	昌吉, 中国	44.155182	87.100563	44.01187456744957	87.30101254005038
6208669	City	Xinyang	信阳	Xinyang, China	信阳, 中国	32.081223	114.882111	32.14962348777702	114.08530511221286
6208675	City	Fuxin	阜新	Fuxin, China	阜新, 中国	42.285198	121.960556	42.019491147267544	121.66486393389103
6209219	City	Yingtan	鹰潭	Yingtan, China	鹰潭, 中国	28.271164	117.108513	28.2633235004749	117.0639282014083
6209225	City	Yingkou	营口	Yingkou, China	营口, 中国	40.379276	122.425369	40.665867034008635	122.22991189293994
6209230	City	Dehong	德宏	Dehong, China	德宏, 中国	24.553200	98.079941	24.436524613493276	98.5847420361749
6210985	City	Shizuishan	石嘴山	Shizuishan, China	石嘴山, 中国	38.994686	106.532234	38.98239475253742	106.37859159419436
6217970	City	Laibin	来宾	Laibin, China	来宾, 中国	23.857027	109.450302	23.75294505439804	109.21716331184422
6218035	City	Qingyang	庆阳	Qingyang, China	庆阳, 中国	36.166042	107.591438	35.70947303422094	107.63888779804147
6218624	City	Shangqiu	商丘	Shangqiu, China	商丘, 中国	34.244598	115.592285	34.416327101920736	115.65083028104199
6219145	City	Yangquan	阳泉	Yangquan, China	阳泉, 中国	38.048939	113.522865	37.856468078305454	113.57411709539797
6277928	City	Siping	四平	Siping, China	四平, 中国	43.569599	124.469170	43.163842359844146	124.34419314706616
6250826	City	Suizhou	随州	Suizhou, China	随州, 中国	31.819546	113.438667	31.6920887797962	113.37624060040842
6256266	City	Qinzhou	钦州	Qinzhou, China	钦州, 中国	22.182777	109.024643	21.982818101529706	108.65038906157167
6267435	City	Xinyuan	新源	Xinyuan, China	新源, 中国	43.374298	83.492714	43.428512588295355	83.25759961068572
6196526	City	Ledong	乐东	Ledong, China	乐东, 中国	18.682253	109.041946	18.751914699312582	109.16895496156361
6196536	City	Chongzuo	崇左	Chongzuo, China	崇左, 中国	22.503109	107.275513	22.380002028826933	107.36093790828944
6196544	City	Anshun	安顺	Anshun, China	安顺, 中国	25.996155	105.951424	26.256617838554657	105.94422925558898
6296098	City	Kuytun	奎屯	Kuytun, China	奎屯, 中国	44.553028	85.003792	44.42574288767286	84.90091072056022
6308654	City	Bole	波勒	Bole, China	波勒, 中国	44.818409	81.855934	44.85288109367344	82.04775763032575
6339503	City	Lvliang	吕梁	Lvliang, China	吕梁, 中国	37.679321	111.262054	37.51753684433588	111.1379565296415
6338366	City	Xiaoyi	孝义	Xiaoyi, China	孝义, 中国	37.111542	111.693710	37.14582299818375	111.77238063223223
6338672	City	Guigang	贵港	Guigang, China	贵港, 中国	23.300299	110.019257	23.114431218960043	109.5947350873485
6338673	City	Qitaihe	七台河	Qitaihe, China	七台河, 中国	45.896893	130.862488	45.769501513726375	130.99543362257668
6338675	City	Xiaogan	孝感	Xiaogan, China	孝感, 中国	31.101082	113.841057	30.92018747068654	113.95151312345757
6338676	City	Liaoyuan	辽源	Liaoyuan, China	辽源, 中国	42.829121	125.347694	42.88524652191027	125.13726302564623
6338905	City	Tongchuan	铜川	Tongchuan, China	铜川, 中国	35.173527	109.120819	34.898970725366375	108.94030302458646
6338900	City	Ulanqab	乌兰察布	Ulanqab, China	乌兰察布, 中国	41.018974	113.135414	40.993017057451105	113.12531809972133
6338902	City	Liupanshui	六盘水	Liupanshui, China	六盘水, 中国	26.137300	104.889824	26.596285683405497	104.82782113720657
6338903	City	Songyan	松原	Songyan, China	松原, 中国	44.799400	124.478157	33.34173638000815	107.7312299956847
6338904	City	Jinchang	金昌	Jinchang, China	金昌, 中国	38.427319	102.050720	38.51965137543865	102.18605390385721
6339420	City	Danzhou	儋州	Danzhou, China	儋州, 中国	19.568039	109.401390	19.523107778539742	109.57680136256226
6340676	City	Burqin	布尔津	Burqin, China	布尔津, 中国	48.285030	87.205353	47.70117890791638	86.87224950294613
6342010	City	Linshui	邻水	Linshui, China	邻水, 中国	30.337620	106.928017	30.337569709226486	106.92639349951834
6345343	City	Dongfang	东方	Dongfang, China	东方, 中国	19.026279	108.782051	19.097207177086922	108.64819774267605
6345067	City	Chengmai	澄迈	Chengmai, China	澄迈, 中国	19.693619	109.985802	19.740417934163744	110.00250668487352
6345355	City	Baicheng	白城	Baicheng, China	白城, 中国	45.352283	123.026878	45.61767940868395	122.83295438609002
6345346	City	Jiyuan	济源	Jiyuan, China	济源, 中国	35.097878	112.403015	35.068112172027625	112.5959818239493
6345356	City	Qiandongnan	黔东南	Qiandongnan, China	黔东南, 中国	26.503672	108.557068	26.586977755381735	107.97872240913439
6345354	City	Honghe	红河	Honghe, China	红河, 中国	23.439787	103.036575	23.364764575109476	103.3725524703755
6345657	City	Hainan	海南	Hainan, China	海南, 中国	35.952377	100.256042	not found
6345701	City	Gongchangling	弓长岭	Gongchangling, China	弓长岭, 中国	41.138054	123.411270	41.14968731796958	123.41374727030741
6141436	City	Qujing	曲靖	Qujing, China	曲靖, 中国	25.690632	103.933556	25.493000527752685	103.79414384769636
6141465	City	Turpan	吐鲁番	Turpan, China	吐鲁番, 中国	42.613071	89.222168	42.949750809144106	89.18691020261053
6141459	City	Hami	哈密	Hami, China	哈密, 中国	42.331154	93.462425	42.81690786585069	93.51355250073352
6141460	City	Hulunbuir	呼伦贝尔	Hulunbuir, China	呼伦贝尔, 中国	49.661942	121.201218	49.20980100917683	119.7582645971003
6141466	City	Wuwei	武威	Wuwei, China	武威, 中国	38.129635	103.033836	37.92798075183864	102.6364838357795
6141467	City	Shangrao	上饶	Shangrao, China	上饶, 中国	28.774559	117.469208	28.45826791379127	117.93845343927079
6141469	City	Ya'an	雅安	Ya'an, China	雅安, 中国	29.869179	102.663292	29.983197146091996	103.01139393980328
6141470	City	Yulin	榆林	Yulin, China	榆林, 中国	37.995644	109.531067	22.65683483547149	110.17675305885528
3000380767	City	Ding'an County	定安县	Ding'an County, China	定安县, 中国	19.681210	110.359360	19.68316254385973	110.35447902024738
6352461	City	Qitaihe (Xinjiang)	七台河 (新疆)	Qitaihe (Xinjiang), China	七台河 (新疆), 中国	44.522179	90.082275	45.769501513726375	130.99543362257668
3000005581	City	Dingxi	定西	Dingxi, China	定西, 中国	35.581402	104.621002	35.58120529316095	104.62361125377299
6143962	City	Luohe	漯河	Luohe, China	漯河, 中国	33.656876	113.902687	33.58236065268129	114.01061106099773
6140786	City	Haixi Autonomous Prefecture	海西自治州	Haixi Autonomous Prefecture, China	海西自治州, 中国	37.283550	95.117683	37.37665965074674	97.36894893755078
6140836	City	Baoting	保亭	Baoting, China	保亭, 中国	18.568954	109.642273	18.640915756585105	109.69845971680799
6140837	City	Jinzhong	晋中	Jinzhong, China	晋中, 中国	37.328320	112.965721	37.68667628053974	112.74615984379928
3000375382	City	Wusu	乌苏	Wusu, China	乌苏, 中国	44.435551	84.678238	44.43462769011755	84.67608953689745
3000209674	City	Qiannan	黔南	Qiannan, China	黔南, 中国	26.271242	107.515160	26.2575312560866	107.51793275061105
3000209716	City	Da Hinggan Ling	大兴安岭	Da Hinggan Ling, China	大兴安岭, 中国	52.345917	124.703522	52.33385229728834	124.70380324946764
3000391799	City	Jinghe County	精河县	Jinghe County, China	精河县, 中国	44.600552	82.893951	44.59971673085191	82.89135663161072
3000367111	City	Xiantao	仙桃	Xiantao, China	仙桃, 中国	30.354893	113.432449	30.36324513069242	113.41739633895921
3000367621	City	Luntai County	轮台县	Luntai County, China	轮台县, 中国	41.777401	84.252037	41.7763845184611	84.24955584551218
3000374721	City	Tacheng	塔城	Tacheng, China	塔城, 中国	46.751202	82.986977	46.747814530095845	82.97576968878765
3000374722	City	Minfeng County	民丰县	Minfeng County, China	民丰县, 中国	37.063900	82.695976	37.06427261552768	82.69321057779676
3000375171	City	Heihe City	五大连池	Heihe City, China	五大连池, 中国	50.241749	127.510757	50.24350599651551	127.52101014879466
3000375292	City	Tianmen	天门	Tianmen, China	天门, 中国	30.663210	113.166100	30.6467458838	113.1594424093
3000375330	City	Beiliu	北流	Beiliu, China	北流, 中国	22.695902	110.362503	22.71103490212844	110.3496467300657
3000375373	City	Fukang	阜康	Fukang, China	阜康, 中国	44.156841	87.987373	44.155878049963505	87.98434831520346
3000375383	City	Atushi	阿图什	Atushi, China	阿图什, 中国	39.715981	76.168533	39.71574741776086	76.16536286925628
3000382606	City	Dazhu	大竹县	Dazhu, China	大竹县, 中国	30.735979	107.204399	30.73873099319603	107.20030136594696
3000385824	City	Tongren	新安郡	Tongren, China	新安郡, 中国	27.938931	108.252502	27.734786159821525	109.1850190593611
3000387543	City	Zhenglan Qi	正蓝旗	Zhenglan Qi, China	正蓝旗, 中国	42.238964	116.002098	42.239615866798886	115.9860587864495
3000387945	City	Baisha County	白沙县	Baisha County, China	白沙县, 中国	19.191420	109.447868	19.226415079757267	109.4471952461234
3000388993	City	Changjiang County	昌江县	Changjiang County, China	昌江县, 中国	19.298090	109.055580	19.29977124399081	109.05162405481519
3000389635	City	Yiwu County	伊吾县	Yiwu County, China	伊吾县, 中国	43.254349	94.697449	43.25332372263555	94.6958519417143
3000389963	City	Barkol County	巴里坤哈萨克斯坦自治县	Barkol County, China	巴里坤哈萨克斯坦自治县, 中国	43.599998	93.016670	43.597087414095526	93.01506679731298
3000391662	City	Baicheng County	拜城县	Baicheng County, China	拜城县, 中国	41.796951	81.873451	41.79581821668881	81.87142408751399
3000391892	City	Pishan County	皮山县	Pishan County, China	皮山县, 中国	37.621208	78.282990	37.62144793539665	78.28146197608653
3000392018	City	Yuli County	尉犁县	Yuli County, China	尉犁县, 中国	41.338402	86.264099	41.34269249824667	86.25889850117798
3000391964	City	Awat County	阿瓦提县	Awat County, China	阿瓦提县, 中国	40.643002	80.375214	40.64289635026533	80.37267443079372
3000391965	City	Bachu County	巴楚县	Bachu County, China	巴楚县, 中国	39.784790	78.549042	39.7849180909819	78.54735780742983
3000391966	City	Qiongzhong County	琼中县	Qiongzhong County, China	琼中县, 中国	19.033340	109.838249	19.035206900552758	109.83431310118988
3000391970	City	Qira County	策勒县	Qira County, China	策勒县, 中国	36.998268	80.810066	36.99861219804245	80.80396057439008
3000391971	City	Qapqal Xibe County	察布查尔锡伯县	Qapqal Xibe County, China	察布查尔锡伯县, 中国	43.840919	81.151260	43.83938677110988	81.14836602877274
3000391972	City	Fuhai County	福海县	Fuhai County, China	福海县, 中国	47.112110	87.486794	47.11081226848346	87.48336409896221
3000391973	City	Habahe County	哈巴河县	Habahe County, China	哈巴河县, 中国	48.060650	86.419380	48.05964407076036	86.41563365969427
3000391974	City	Hoboksar County	和布克赛尔县	Hoboksar County, China	和布克赛尔县, 中国	46.792789	85.728638	46.79237842827813	85.72549212125868
3000391977	City	Hutubi County	呼图壁县	Hutubi County, China	呼图壁县, 中国	44.191200	86.898849	44.1904763545406	86.89640232230643
3000391979	City	Manas County	玛纳斯县	Manas County, China	玛纳斯县, 中国	44.303860	86.214241	44.302811059923386	86.21141256852306
3000391980	City	Huocheng County	霍城县	Huocheng County, China	霍城县, 中国	44.055809	80.878998	44.052695588752584	80.87187575178812
3000391983	City	Nilka County	尼勒克县	Nilka County, China	尼勒克县, 中国	43.798820	82.511673	43.79901669200126	82.5089170313804
3000391986	City	Shufu County	疏附县	Shufu County, China	疏附县, 中国	39.375259	75.863029	39.37497768946348	75.85995628963954
3000391987	City	Tekes County	特克斯县	Tekes County, China	特克斯县, 中国	43.217861	81.836090	43.21591881197956	81.83332949460457
3000391988	City	Shawan County	沙湾县	Shawan County, China	沙湾县, 中国	44.326141	85.619698	44.32553206605721	85.61690988856995
3000391989	City	Qinggil County	青河县	Qinggil County, China	青河县, 中国	46.678951	90.375557	46.67307402212625	90.3806912360886
3000391991	City	Kalpin County	柯坪县	Kalpin County, China	柯坪县, 中国	40.508080	79.046494	40.50773242419629	79.0449315785381
3000391996	City	Toksun County	托克逊县	Toksun County, China	托克逊县, 中国	42.791950	88.653831	42.79121641215376	88.651251371372
3000391997	City	Wensu County	温宿县	Wensu County, China	温宿县, 中国	41.277290	80.238403	41.27563066864527	80.2367861273434
3000391998	City	Yecheng County	叶城县	Yecheng County, China	叶城县, 中国	37.882778	77.413658	37.88287201719835	77.41082797383426
3000391999	City	Zepu County	泽普县	Zepu County, China	泽普县, 中国	38.191589	77.270988	38.191807773769696	77.2680127378145
3000392000	City	Yopurga County	岳普湖县	Yopurga County, China	岳普湖县, 中国	39.232979	76.777710	39.22404186993115	76.77040783692381
3000392003	City	Yumin County	裕民县	Yumin County, China	裕民县, 中国	46.200150	82.983391	46.20041704874535	82.97952167124438
3000392004	City	Zhaosu County	昭苏县	Zhaosu County, China	昭苏县, 中国	43.157082	81.131012	43.155785128683405	81.12800891210158
3000392233	City	Cona County	错那县	Cona County, India	错那县, 中国	27.926666	93.460831	27.994785420335475	91.95619473764138
6140715	City	Yuxi	玉溪	Yuxi, China	玉溪, 中国	24.113953	102.201218	24.35033959495087	102.52589599434074
6140774	City	Xinyu	新余	Xinyu, China	新余, 中国	27.860294	114.843872	27.821265586442617	114.91249920083827
6140775	City	Pingxiang	萍乡	Pingxiang, China	萍乡, 中国	27.523422	113.906921	27.626179298471328	113.84925500811941
6140778	City	Baishan	白山	Baishan, China	白山, 中国	42.069016	127.283195	41.931409566411794	126.41695138949044
3000439758	City	China	中国镇	China, Maine, United States of America	中国镇, 缅因州, 美国	44.478680	-69.517258	44.4786791	-69.51726409999999
3000452775	City	Makit County	麦盖提县	Makit County, China	麦盖提县, 中国	38.904881	77.652542	38.90508026042114	77.65014694849057
3000454772	City	Tashkurgan	塔什库尔干	Tashkurgan, China	塔什库尔干, 中国	37.768929	75.241608	37.77217595485697	75.22684635957661
3000474716	City	Haidong	海东	Haidong, China	海东, 中国	36.315239	102.346939	36.50197478194398	102.1022171304466
6140909	City	Taizhou	泰州	Taizhou (Zhejiang), China	泰州 (浙江), 中国	28.665298	121.344261	28.659330318669515	121.41633174405118
553248634382841527	City	Chinaman Wells	中国先生韦尔斯	Chinaman Wells, South Australia, Australia	中国先生韦尔斯, 南澳大利亚州, 澳大利亚	-34.387962	137.477112	-34.3798322	137.4803039
180026	Multi-City (Vicinity)	Shanghai	上海	Shanghai, China	上海, 中国	31.235701	121.470001	31.23233267258034	121.46917904839157
6140323	Multi-City (Vicinity)	Chongqing	重庆	Chongqing, China	重庆, 中国	29.540920	106.511818	29.43453185265002	106.90835218061984
3545	Multi-City (Vicinity)	Tianjin	天津	Tianjin, China	天津, 中国	39.539078	117.330078	39.342091723996546	117.35510603901344
178237	Multi-City (Vicinity)	Beijing	北京	Beijing, China	北京, 中国	39.905998	116.385002	39.902796556046745	116.40115404492732
6140569	Multi-City (Vicinity)	Qinhuangdao	秦皇岛	Qinhuangdao, China	秦皇岛, 中国	39.879589	119.125198	39.93425282458218	119.59475231098388
6140608	Multi-City (Vicinity)	Zhengzhou	郑州	Zhengzhou, China	郑州, 中国	34.673950	113.448654	34.74779361666785	113.61928139495708
6177560	Multi-City (Vicinity)	Kunming	昆明	Kunming, China	昆明, 中国	25.356525	102.867043	24.883164207229008	102.83147479249219
771	Multi-City (Vicinity)	Guangzhou	广州土豪多	Guangzhou, China	广州, 中国	23.133730	113.266190	23.1317866642661	113.25905541724686
6233280	City	Shihezi	石河子	Shihezi, China	石河子, 中国	44.307018	86.036263	44.304866126838384	86.07776220411019
3366	City	Qingdao	青岛	Qingdao, China	青岛, 山东, 中国	36.322533	120.238373	36.06683176326677	120.37747591567899
6267106	City	Fangchenggang	防城港	Fangchenggang, China	防城港, 中国	21.882240	108.002678	21.68934698234311	108.34985195595911
6338109	City	Liaoyanglu	辽阳路	Liaoyanglu, China	辽阳路, 中国	41.180725	123.243576	41.26517628367168	123.23120817979644
3000005026	City	Tunchang	屯昌	Tunchang, China	屯昌, 中国	19.363300	110.098000	19.353318297370276	110.09901356087725
3000366263	City	Bazhong	巴中	Bazhong, China	巴中, 中国	31.865000	106.744957	31.870084458405273	106.74333245057319
3000383351	City	Hoxud County	和硕县	Hoxud County, China	和硕县, 中国	42.268169	86.864540	42.26719753933995	86.86153263618415
553248635640588417	City	Garze	甘孜	Garze, China	甘孜, 中国	30.948755	99.996895	30.052340626453788	101.96079084496147
6069706	Multi-City (Vicinity)	Huizhou	惠州	Huizhou, China	惠州, 中国	23.135059	114.401535	23.114754491868347	114.41083278641813
6616	City	Chaoyang	朝阳	Chaoyang, China	朝阳, 中国	41.510895	120.011734	41.571360419450635	120.44370392420323
1550	City	Hanzhong	汉中	Hanzhong, China	汉中, 中国	33.088547	107.103203	33.06936655418664	107.01880115596936
2179	City	Lhasa	拉萨	Lhasa, China	拉萨, 中国	30.037533	91.088524	29.65757133450086	91.13902187532022
6050068	City	Hegang	鹤岗	Hegang, China	鹤岗, 中国	47.642029	130.805084	47.3474719217305	130.2901099938071
6050127	City	Yichun	宜春	Yichun, China	宜春, 中国	28.307692	114.973145	47.725269323532615	128.83409440872848
6056285	City	Wuhai	乌海	Wuhai, China	乌海, 中国	39.567184	106.882942	39.65430545712805	106.78945576506256
6084854	City	Linfen	临汾	Linfen, China	临汾, 中国	36.230709	111.373787	36.088128323620474	111.51275719806297
6085295	City	Lincang	临沧	Lincang, China	临沧, 中国	23.942961	99.677238	23.88674137301846	100.08757225040645
6140429	City	Jiuquan	酒泉	Jiuquan, China	酒泉, 中国	40.459866	96.243889	39.73204792860768	98.4939143839297
6140682	City	Ordos	鄂尔多斯	Ordos, China	鄂尔多斯, 中国	39.411804	108.625244	39.607248126465	109.77561440082094
6140867	City	Ngawa Autonomous Prefecture	阿坝自治州	Ngawa Autonomous Prefecture, China	阿坝自治州, 中国	32.397594	102.609604	31.901657681340268	102.22300880368662
6149798	City	Zhumadian	驻马店	Zhumadian, China	驻马店, 中国	32.924305	114.147720	33.01334086814351	114.01641404077127
553248635290250509	City	Wuqiu	乌坵乡	Wuqiu, China	乌坵乡, 中国	24.988949	119.458740	not found
6069705	Multi-City (Vicinity)	Jiangmen	江门	Jiangmen, China	江门, 中国	22.403616	112.824104	22.581808203959316	113.07605864302884
3346	Multi-City (Vicinity)	Sanya	三亚	Sanya, China	三亚, 中国	18.391335	109.417610	18.254552251296953	109.50782472859662
6156196	Multi-City (Vicinity)	Linghsui	陵水	Linghsui, China	陵水, 中国	18.506048	110.037506	18.507674138290593	110.0332257781499
3863	Multi-City (Vicinity)	Xiamen	厦门	Xiamen, China	厦门, 中国	24.587305	118.127090	24.482479763577587	118.0844479152309
181009	Multi-City (Vicinity)	Dongguan	东莞	Dongguan, China	东莞, 中国	23.038034	113.772018	23.023395586911935	113.74660595526356
6046792	Multi-City (Vicinity)	Shenzhen	深圳	Shenzhen, China	深圳, 中国	22.542431	114.113640	22.54581324770775	114.0527510426008
6140239	City	Chizhou	池州	Chizhou, China	池州, 中国	30.317913	117.357994	30.658394504559837	117.48368172572539
6140240	City	Tongling	铜陵	Tongling, China	铜陵, 中国	30.958302	117.894203	30.94780793133775	117.80619873642588
6140241	City	Xuancheng	宣城	Xuancheng, China	宣城, 中国	30.657602	118.840431	30.942415286522134	118.7535567777076
6140242	City	Lu'an	六安	Lu'an, China	六安, 中国	31.768930	116.294113	31.736546296465868	116.5163656518747
6140243	City	Huainan	淮南	Huainan, China	淮南, 中国	32.752674	116.757507	32.62752807500683	116.99450476778655
6140244	City	Huaibei	淮北	Huaibei, China	淮北, 中国	33.740437	116.720451	33.95727129705307	116.79286810789552
6143963	City	Zhoukou	周口	Zhoukou, China	周口, 中国	33.724960	114.877441	33.62770618099373	114.69147579933168
6273574	City	Suihua	绥化	Suihua, China	绥化, 中国	46.894039	126.650932	46.651943401830856	126.9625633931769
6338365	City	Hechi	河池	Hechi, China	河池, 中国	24.644773	107.840096	24.695683223568796	108.0810079584618
6342009	City	Longnan	陇南	Longnan, China	陇南, 中国	33.597404	105.221840	33.40263772989986	104.91895911247971
6094792	Multi-City (Vicinity)	Dali	大理	Dali, China	大理, 中国	25.858625	99.399635	25.609519579417018	100.26653968731445
6155333	City	Weinan	渭南	Weinan, China	渭南, 中国	34.952900	109.903152	34.50068720646518	109.49771568731283
6149799	City	Pingdingshan	平顶山	Pingdingshan, China	平顶山, 中国	33.794994	112.948181	33.7676051166355	113.18639229107752
6277927	City	Wuzhou	梧州	Wuzhou, China	梧州, 中国	23.481201	110.991783	23.479553496160403	111.27400706947039
1768	City	Kuqa	库车	Kuqa, China	库车, 中国	41.771267	83.453484	41.71672956221223	82.95917060150042
6334601	City	Bijie	毕节	Bijie, China	毕节, 中国	27.068178	105.214394	27.28732330191445	105.2884060774285
181139	City	Mianyang	绵阳	Mianyang, China	绵阳, 中国	31.836382	104.703041	31.469736357203324	104.67638767629455
6338107	City	Baise	百色	Baise, China	百色, 中国	23.986612	106.289185	23.905382874635677	106.61487209883954
6049771	City	Puyang	濮阳	Puyang, China	濮阳, 中国	35.823746	115.282471	35.76183294110361	115.02332483431825
6052353	City	Chuzhou	滁州	Chuzhou, China	滁州, 中国	32.547794	118.101555	32.25540717395826	118.32290407253575
6134068	City	Heze	菏泽	Heze, China	菏泽, 中国	35.146713	115.684387	35.23414587090165	115.47480873322353
6206687	City	Lianshan	连山	Lianshan, China	连山, 中国	24.608311	112.052185	27.885001749985896	102.26621721632266
6219137	City	Ezhou	鄂州	Ezhou, China	鄂州, 中国	30.323565	114.759666	30.39463577403297	114.88980207754837
2183	City	Luoyang	洛阳	Luoyang, China	洛阳, 中国	34.283489	111.995880	34.621227361893766	112.44767532370801
922	City	Changsha	长沙	Changsha, China	长沙, 中国	28.204533	113.133347	28.2317165598304	112.93336419366543
7324	City	Fuyang	阜阳	Fuyang, China	阜阳, 中国	32.916229	115.711449	32.89247775928058	115.80913414355635
10456	City	Wuxi	无锡	Wuxi, China	无锡, 中国	31.519217	120.068718	31.49305814316863	120.30730137699582
6140659	City	Yongzhou	永州	Yongzhou, China	永州, 中国	25.770515	111.700218	26.423980322437178	111.60819907069795
6282034	City	Xianning	咸宁	Xianning, China	咸宁, 中国	29.618242	114.157684	29.843903594411014	114.31703259356651
6084436	City	Nanjing	南京	Nanjing, China	南京, 中国	31.917664	118.849663	32.062330656878224	118.79169340726952
407	City	Anqing	安庆	Anqing, China	安庆, 中国	30.620399	116.598122	30.53418389173662	117.10959421472948
2247	City	Mudanjiang	牡丹江	Mudanjiang, China	牡丹江, 中国	44.597538	129.884949	44.549686515623925	129.62609095036058
6130849	City	Baoshan	宝山	Baoshan, China	宝山, 中国	24.979839	98.966934	25.114903093552613	99.16084240201855
6140819	City	Zaozhuang	枣庄	Zaozhuang, China	枣庄, 中国	34.917850	117.404701	34.81128182767666	117.31781550967068
6217003	City	Pingliang	平凉	Pingliang, China	平凉, 中国	35.306541	106.651077	35.54352686729798	106.66090754611635
260	City	Altay	阿勒泰	Altay, China	阿勒泰, 中国	47.860737	87.949844	47.82598668508172	88.12846605015325
393	City	Anshan	鞍山	Anshan, China	鞍山, 中国	40.715141	123.009903	41.106727421219226	122.98882933822729
496	City	Baotou	包头	Baotou, China	包头, 中国	41.609013	110.263779	40.656829472874264	109.83460882655194
550	City	Bengbu	蚌埠	Bengbu, China	蚌埠, 中国	33.122757	117.317787	32.91799247179808	117.38387116132222
576	City	Beihai	北海	Beihai, China	北海, 中国	21.674267	109.333939	21.483678577013517	109.11586805485544
824	City	Changchun	长春	Changchun, China	长春, 中国	44.378239	125.752876	43.81461950925258	125.3170375946196
930	City	Chengdudu	成都	chengdu, china	成都，中国	30.660732	104.063347	30.57526885214896	104.06429552024508
971	City	Changzhou	常州	Changzhou, China	常州, 中国	31.629326	119.632523	31.81326686531782	119.9693108130624
979	City	Datong	大同	Datong, China	大同, 中国	39.895222	113.710976	40.075562203686665	113.29311239160165
3647	City	Urumqi	乌鲁木齐	Urumqi, China	乌鲁木齐, 中国	43.530937	87.812561	43.82438656385241	87.61399800176468
990	City	Dandong	丹东	Dandong, China	丹东, 中国	40.528645	124.391335	39.9992415012056	124.34867858905558
1026	City	Dalian	大连	Dalian, China	大连, 中国	39.336414	122.180206	38.91322574534046	121.60973872271241
1151	City	Yan'an	延安	Yan'an, China	延安, 中国	36.400043	109.356865	36.58534799753382	109.4843536332262
1147	City	Enshi	恩施	Enshi, China	恩施, 中国	30.207037	109.562073	30.27472512392432	109.48330228994692
1239	City	Fuzhou	福州	Fuzhou, China	福州, 中国	26.000795	119.284920	26.077580034637595	119.29168224739931
1269	City	Fuyun	富蕴	Fuyun, China	富蕴, 中国	46.501873	89.412186	46.99312246081849	89.52272776646137
3672	City	Yulin	玉林	Yulin, China	玉林, 中国	22.443304	110.183167	22.65683483547149	110.17675305885528
1426	City	Haikou	海口	Haikou, China	海口, 中国	20.007200	110.252434	20.046523758030055	110.1939909485597
1445	City	Hohhot	呼和浩特	Hohhot, China	呼和浩特, 中国	40.684601	111.551826	40.84090892460955	111.74307693833872
1448	City	Hefei	合肥	Hefei, China	合肥, 中国	32.026409	117.228142	31.82259016394101	117.2217367149612
1510	City	Harbin	哈尔滨	Harbin, China	哈尔滨, 中国	45.638374	127.962242	45.80179338508535	126.52892653273302
1597	City	Yinchuan	银川	Yinchuan, China	银川, 中国	38.232502	106.335518	38.48673347492953	106.22650909286814
1622	City	Qiemo	且末	Qiemo, China	且末, 中国	38.070286	85.524139	38.14553008182492	85.5273028093779
1686	City	Jiayuguan	嘉峪关	Jiayuguan, China	嘉峪关, 中国	39.807899	98.208847	39.77172120572892	98.28881926773596
1696	City	Jilin	吉林	Jilin, China	吉林, 中国	43.595798	126.854828	not found
1698	City	Jiujiang	九江	Jiujiang, China	九江, 中国	29.327198	115.446976	29.707615176163337	115.99683472081992
1710	City	Jiamusi	佳木斯	Jiamusi, China	佳木斯, 中国	47.244644	132.212234	46.797555686196276	130.3110854696402
1712	City	Jining	济宁	Jining, China	济宁, 中国	35.402634	116.746071	35.41543004437411	116.58199103022706
1743	City	Quzhou	衢州	Quzhou, China	衢州, 中国	28.928282	118.677406	28.97316462406139	118.85466249116338
1807	City	Kashgar	喀什	Kashgar, China	喀什, 中国	39.480736	75.987694	39.46744683528961	75.990821846956
1811	City	Nanchang	南昌	Nanchang, China	南昌, 中国	28.663675	116.023987	28.68622212562105	115.85329652097393
1890	City	Ganzhou	赣州	Ganzhou, China	赣州, 中国	25.707588	115.271545	25.833877613302075	114.92882112320171
1909	City	Korla	库尔勒	Korla, China	库尔勒, 中国	41.673244	85.708786	41.72444122936953	86.17206133161291
1917	City	Karamay	克拉玛依	Karamay, China	克拉玛依, 中国	45.494125	85.184250	45.57908396180103	84.88680250558225
1967	City	Guiyang	贵阳	Guiyang, China	贵阳, 中国	26.843393	106.707825	26.651330403340335	106.62658429511687
2071	City	Lanzhou	兰州	Lanzhou, China	兰州, 中国	36.322311	103.643875	36.0614162907325	103.83189989772272
2194	City	Luzhou	泸州	Luzhou, China	泸州, 中国	28.440123	105.667412	28.874605973970606	105.43814795243819
2186	City	Lianyungang	连云港	Lianyungang, China	连云港, 中国	34.570194	119.174889	34.597687903451515	119.21607928797098
2193	City	Liuzhou	柳州	Liuzhou, China	柳州, 中国	24.901628	109.348724	24.328993072202397	109.4240084525981
2516	City	Nanchong	南充	Nanchong, China	南充, 中国	31.209497	106.153702	30.840075189725024	106.10667872662799
2537	City	Qiqihar	齐齐哈尔	Qiqihar, China	齐齐哈尔, 中国	47.696171	124.571602	47.35230867117102	123.91163599663568
2580	City	Nanning	南宁	Nanning, China	南宁, 中国	23.058748	108.463402	22.819688179291933	108.36247142106063
2584	City	Nanyang	南阳	Nanyang, China	南阳, 中国	33.036312	112.285019	32.99266334327018	112.52246499606963
2604	City	Nantong	南通	Nantong, China	南通, 中国	32.196457	121.029129	31.982340835456704	120.89007533699485
3149	City	Shenyang	沈阳	Shenyang, China	沈阳, 中国	42.094872	123.137283	41.80327092113902	123.42533626522557
3163	City	Xi'an	西安	Xi'an, China	西安, 中国	34.259415	108.947037	34.34312956740107	108.93511444739102
3180	City	Shijiazhuang	石家庄	Shijiazhuang, China	石家庄, 中国	38.158913	114.442970	38.04218610163241	114.50891942894968
3317	City	Shantou	汕头	Shantou, China	汕头, 中国	23.305517	116.769394	23.35674806457726	116.67750407597177
3353	City	Suzhou	苏州 (苏州)	Suzhou, China	苏州 (苏州), 中国	31.399174	120.706795	31.301158662230154	120.5811115611068
3491	City	Jinan	济南	Jinan, China	济南, 中国	36.747650	117.096001	36.65077020197918	117.11396716053362
3496	City	Tonghua	通化	Tonghua, China	通化, 中国	41.916714	125.958809	41.7262358782736	125.93404002977856
3592	City	Taiyuan	太原	Taiyuan, China	太原, 中国	37.946358	112.320763	37.870064805919334	112.54257962210171
3774	City	Weifang	潍坊	Weifang, China	潍坊, 中国	36.578346	119.082222	36.70651843091158	119.15586567628567
3775	City	Weihai	威海	Weihai, China	威海, 中国	37.109802	122.191826	37.512035551958874	122.11536192727401
3786	City	Wuhu	芜湖	Wuhu, China	芜湖, 中国	31.093904	118.368889	31.35471093040426	118.42755963895839
3814	City	Wenzhou	温州	Wenzhou, China	温州, 中国	27.776817	120.645493	27.99711009107425	120.69530280155169
3835	City	Wuhan	武汉	Wuhan, China	武汉, 中国	30.619225	114.342079	30.595258349729463	114.30009405338572
3866	City	Xingtai	邢台	Xingtai, China	邢台, 中国	37.234112	114.857597	37.07035624243494	114.4987714988515
3851	City	Xiangyang	襄阳	Xiangyang, China	襄阳, 中国	31.940613	111.955925	32.01097286580813	112.11634528567998
3865	City	Xining	西宁	Xining, China	西宁, 中国	36.835457	101.464264	36.6172156648172	101.77629056668606
3876	City	Xuzhou	徐州	Xuzhou, China	徐州, 中国	34.351109	117.508614	34.2070579056782	117.27837055875617
3900	City	Yibin	宜宾	Yibin, China	宜宾, 中国	28.587345	104.633018	28.75526428004776	104.6407761051338
3972	City	Yichang	宜昌	Yichang, China	宜昌, 中国	30.745987	111.146370	30.69440498375654	111.28081149417535
3974	City	Yining	伊宁	Yining, China	伊宁, 中国	43.997761	81.666595	43.97608613443876	81.52452626706476
4018	City	Yantai	烟台	Yantai, China	烟台, 中国	37.438335	120.813515	37.46356788290947	121.44264505104806
4019	City	Yancheng	盐城	Yancheng, China	盐城, 中国	33.517609	120.173401	33.34875495053446	120.15871730255735
4159	City	Zhaotong	昭通	Zhaotong, China	昭通, 中国	27.653214	104.000961	27.341681780466633	103.71537183665491
4174	City	Zhanjiang	湛江	Zhanjiang, China	湛江, 中国	20.982996	110.183479	21.273084029514827	110.35487162856111
7720	City	Hengyang	衡阳	Hengyang, China	衡阳, 中国	26.813967	112.567741	26.896953636047705	112.56678297658476
6813	City	Daxian	达县	Daxian, China	达县, 中国	31.193253	107.497772	31.198358600682095	107.50732835742873
6097	City	Ankang	安康	Ankang, China	安康, 中国	32.757046	108.927612	32.686784813888345	109.02415718014785
6607	City	Changde	常德	Changde, China	常德, 中国	29.264734	111.533134	29.03467824161549	111.69317386981382
6621	City	Chifeng	赤峰	Chifeng, China	赤峰, 中国	43.265186	118.850647	42.255914589763584	118.88075955121604
6623	City	Changzhi	长治	Changzhi, China	长治, 中国	36.485435	112.911438	36.195242347593165	113.10973929727135
7169	City	Quanzhou	泉州	Quanzhou, China	泉州, 中国	25.168621	118.310844	24.87704040938528	118.67112830841292
7363	City	Xiangtan	湘潭	Xiangtan, China	湘潭, 中国	27.727177	112.613426	27.833243997349587	112.93859571845853
6140683	City	Bayan Nur	巴彦淖尔	Bayan Nur, China	巴彦淖尔, 中国	41.416435	107.519005	40.74176552863038	107.38206307076113
7741	City	Shaoguan	韶关	Shaoguan, China	韶关, 中国	24.824701	113.805283	24.813939631268955	113.59243042212549
8070	City	Jingdezhen	景德镇	Jingdezhen, China	景德镇, 中国	29.317688	117.268921	29.27142632233385	117.17312651029057
9976	City	Shangzhou	商州	Shangzhou, China	商州, 中国	33.648506	109.899574	33.86437948878352	109.93625129106296
10050	City	Tongliao	通辽	Tongliao, China	通辽, 中国	43.871147	121.541542	43.650527918406716	122.23789134472163
10687	City	Zhuhai	珠海	Zhuhai, China	珠海, 中国	22.028509	113.599365	22.273993520852635	113.57163790505525
6140556	City	Qionghai	琼海	Qionghai, China	琼海, 中国	19.253891	110.449722	19.259988613217566	110.47029952334894
6140535	City	Yunfu	云浮	Yunfu, China	云浮, 中国	22.830412	111.798103	22.917751692174157	112.03917052076937
6140555	City	Wenchang	文昌	Wenchang, China	文昌, 中国	19.831331	110.838699	19.54511761783679	110.79332326321261
6140574	City	Zhangjiakou	张家口	Zhangjiakou, China	张家口, 中国	40.862686	115.025429	40.766261562435226	114.88022572937908
6140575	City	Cangzhou	沧州	Cangzhou, China	沧州, 中国	38.276569	116.760689	38.30391864690663	116.83304405398171
6140349	City	Hezhou	贺州	Hezhou, China	贺州, 中国	24.378761	111.365303	24.406618285597656	111.56158052920132
6140462	City	Huangshi	黄石	Huangshi, China	黄石, 中国	29.914766	115.026352	30.202451679691336	115.03344648311372
177812	City	Xianyang	咸阳	Xianyang, China	咸阳, 中国	34.785816	108.398842	34.331047292611515	108.70431811089897
6140482	City	Jieyang	揭阳	Jieyang, China	揭阳, 中国	23.298603	116.156570	23.552098474849142	116.3679988670361
6140483	City	Shanwei	汕尾	Shanwei, China	汕尾, 中国	22.854670	115.647758	22.78882072092813	115.37021682535944
181040	City	Tangshan	唐山	Tangshan (Hebei), China	唐山 (河北), 中国	39.546341	118.478172	39.62955905630757	118.17391492266997
6140661	City	Shaoyang	邵阳	Shaoyang, China	邵阳, 中国	26.899614	110.886162	27.24219448271119	111.4621101036064
6140662	City	Huaihua	怀化	Huaihua, China	怀化, 中国	27.510101	110.088417	27.572824067452476	109.99723056798337
6140663	City	Xiangxi	湘西	Xiangxi, China	湘西, 中国	28.674623	109.752472	28.31539134509522	109.73404874800549
6050083	City	Jingmen	荆门	Jingmen, China	荆门, 中国	31.071175	112.609177	31.037610032417824	112.19359941485675
6050084	City	Jinzhou	锦州	Jinzhou, China	锦州, 中国	41.471519	121.615364	41.09363558774384	121.12120284041784
6034480	City	Zhongshan	中山	Zhongshan, China	中山, 中国	22.518652	113.392960	22.520274373089148	113.38728768762944
6034536	City	Suining	遂宁	Suining, China	遂宁, 中国	30.631096	105.471008	30.535641444989484	105.58948861414517
6034556	City	Jingzhou	荆州	Jingzhou, China	荆州, 中国	29.985636	112.585762	30.33779359667889	112.23392055389223
6084974	City	Guilin	桂林	Guilin, China	桂林, 中国	25.344141	110.470833	25.23726445934419	110.17532931326625
6046980	City	Shaoxing	绍兴	Shaoxing, China	绍兴, 中国	29.722399	120.643883	29.998401711238028	120.58203599819244
6047160	City	Zhangjiajie	张家界	Zhangjiajie, China	张家界, 中国	29.401743	110.523170	29.11996065134754	110.47424848990596
6047299	City	Taizhou	泰州	Taizhou, China	泰州, 中国	32.571304	120.055115	28.659330318669515	121.41633174405118
6047448	City	Lijiang	丽江	Lijiang, China	丽江, 中国	26.942249	100.524857	26.85859392360705	100.22661832148412
6084433	City	Sanming	三明	Sanming, China	三明, 中国	26.300421	117.369896	26.266831285210326	117.63377851664798
6047668	City	Jinhua	金华	Jinhua, China	金华, 中国	29.103838	119.961494	29.08215107757234	119.6427150339398
6047743	City	Zhenjiang	镇江	Zhenjiang, China	镇江, 中国	32.021492	119.467300	32.18972787489792	119.4203914175278
6047818	City	Huangshan	黄山	Huangshan, China	黄山, 中国	29.921047	118.026161	29.71709753650811	118.33231640761696
6047970	City	Zhuzhou	株洲	Zhuzhou, China	株洲, 中国	27.060476	113.525322	27.8311268960662	113.12802407365882
6048021	City	Zhaoqing	肇庆	Zhaoqing, China	肇庆, 中国	23.500570	112.206573	23.049812031574476	112.45983606773612
6050312	City	Zunyi	遵义	Zunyi, China	遵义, 中国	27.739468	106.928497	27.72918485339599	106.92356577340526
6048917	City	Chengde	承德	Chengde, China	承德, 中国	41.364082	117.538971	40.95136144815192	117.95642330125622
6049423	City	Bozhou	亳州	Bozhou, China	亳州, 中国	33.460892	116.187622	33.846025681697505	115.77313662011757
6049652	City	Chaozhou	潮州	Chaozhou, China	潮州, 中国	23.790562	116.803169	23.659448865685047	116.61839070160957
6049670	City	Huzhou	湖州	Huzhou, China	湖州, 中国	30.768974	119.883804	30.896454024632035	120.08193786877115
6049674	City	Lishui	丽水	Lishui, China	丽水, 中国	28.198311	119.518005	28.471035928947696	119.91839120985716
6049677	City	Ningde	宁德	Ningde, China	宁德, 中国	26.945026	119.581108	26.66911238985751	119.54335010085934
6049686	City	Yangzhou	扬州	Yangzhou, China	扬州, 中国	32.739071	119.475655	32.39608863637998	119.40745879662927
6049726	City	Linyi	临沂	Linyi, China	临沂, 中国	35.297180	118.276825	35.10506539624832	118.35065974729216
6049727	City	Zhangzhou	漳州	Zhangzhou, China	漳州, 中国	24.295162	117.493111	24.51600363246116	117.6423067906346
6049776	City	Zhangye	张掖	Zhangye, China	张掖, 中国	38.919746	99.894417	38.92523671525599	100.44811601243721
6049772	City	Rizhao	日照	Rizhao, China	日照, 中国	35.530651	119.171364	35.417021931917965	119.52149685429386
6049773	City	Tai'an	泰安	Tai'an, China	泰安, 中国	36.013748	117.016296	36.20000232711609	117.08154632982676
6049775	City	Wuzhishan	五指山	Wuzhishan, China	五指山, 中国	18.831545	109.512054	18.776942044588093	109.51283035360665
6050071	City	Kaifeng	开封	Kaifeng, China	开封, 中国	34.604401	114.561806	34.798173819249946	114.3017379063758
6049998	City	Baoding	保定	Baoding, China	保定, 中国	39.054611	115.176041	38.87353362986702	115.45827046894273
6050054	City	Deyang	德阳	Deyang, China	德阳, 中国	31.196058	104.366837	31.12899597930501	104.39521196852792
6050058	City	Heyuan	河源	Heyuan, China	河源, 中国	24.024057	114.959839	23.746334394121664	114.69625986824822
6050059	City	Handan	邯郸	Handan, China	邯郸, 中国	36.573097	114.529755	36.62557675022831	114.53323334150511
6050060	City	Langfang	廊坊	Langfang, China	廊坊, 中国	39.259872	116.640678	39.53694582475708	116.67783622303554
6050069	City	Hebi	鹤壁	Hebi, China	鹤壁, 中国	35.717712	114.306381	35.74830172911198	114.29127188154268
6050086	City	Leshan	乐山	Leshan, China	乐山, 中国	29.202787	103.554565	29.554871349455162	103.76346924094652
6050087	City	Longyan	龙岩	Longyan, China	龙岩, 中国	25.299782	116.726913	25.07788022122364	117.01266028839842
6050089	City	Maoming	茂名	Maoming, China	茂名, 中国	21.968889	110.962364	21.665766788548687	110.92092692176796
6050090	City	Panjin	盘锦	Panjin, China	盘锦, 中国	41.053497	121.986031	41.11790465181678	122.06522151130969
6050093	City	Qingyuan	清远	Qingyuan, China	清远, 中国	24.303598	112.910088	23.684234344210843	113.05056014804856
6050133	City	Lingao	临高	Lingao, China	临高, 中国	19.802015	109.712547	19.914136090808334	109.68633799932392
6050121	City	Sanmenxia	三门峡	Sanmenxia, China	三门峡, 中国	34.372246	111.105576	34.77377962828958	111.19437331907116
6050124	City	Zigong	自贡	Zigong, China	自贡, 中国	29.285940	104.682129	29.341889503964378	104.77574579650523
6050126	City	Tieling	铁岭	Tieling, China	铁岭, 中国	42.642551	124.168549	42.22160106786144	123.72002406606317
6050128	City	Meizhou	梅州	Meizhou, China	梅州, 中国	24.203815	116.063675	24.291205363336793	116.1176972819364
6050130	City	Zibo	淄博	Zibo, China	淄博, 中国	36.602623	118.062202	36.81302155446466	118.04893834551471
6050306	City	Wanning	万宁	Wanning, China	万宁, 中国	18.803453	110.369232	18.796701172705045	110.38666282951688
6050286	City	Xinxiang	新乡	Xinxiang, China	新乡, 中国	35.274788	114.093880	35.30428887018571	113.9208577041194
6050289	City	Yangjiang	阳江	Yangjiang, China	阳江, 中国	21.933624	111.811180	21.8606888201412	111.97715645807135
6050446	City	Xuchang	许昌	Xuchang, China	许昌, 中国	34.077030	113.747597	34.037329231545584	113.84658206220296
6051665	City	Yuncheng	运城	Yuncheng, China	运城, 中国	35.180447	111.069695	35.027252623101184	111.00164555178958
6051680	City	Chaohu	巢湖	Chaohu, China	巢湖, 中国	31.486048	117.751686	31.626683490141232	117.88512076409256
6051944	City	Jincheng	晋城	Jincheng, China	晋城, 中国	35.611744	112.730606	35.491115806634866	112.84572225423884
6052142	City	Chenzhou	郴州	Chenzhou, China	郴州, 中国	25.804985	113.082878	25.773467263651757	113.00920930360928
6052216	City	Tianshui	天水	Tianshui, China	天水, 中国	34.650146	105.739944	34.582202898875735	105.72104296707738
6055311	City	Baoji	宝鸡	Baoji, China	宝鸡, 中国	34.378696	107.199127	34.36460302919568	107.23305048171846
6055856	City	Yiyang	益阳	Yiyang, China	益阳, 中国	28.571032	111.998901	28.557009536150193	112.3494707765399
6084415	City	Nanping	南平	Nanping, China	南平, 中国	27.340706	118.130035	26.645070034597442	118.17272327887542
6060304	City	Yueyang	岳阳	Yueyang, China	岳阳, 中国	29.050196	113.259285	29.359358418493137	113.12276563582695
6060309	City	Jiaozuo	焦作	Jiaozuo, China	焦作, 中国	35.110497	113.163544	35.216403734842466	113.2354582351284
6060676	City	Suzhou (Jiangsu)	苏州 (江苏)	Suzhou (Jiangsu), China	苏州 (江苏), 中国	33.856422	117.217743	31.301158662230154	120.5811115611068
6069940	City	Ji'an	吉安	Ji'an, China	吉安, 中国	26.972086	114.837944	27.091076278315544	114.95980682173955
6084432	City	Putian	莆田	Putian, China	莆田, 中国	25.414303	118.925056	25.4568659090229	119.00304240088583
6084455	City	Huai'an	淮安	Huai'an, China	淮安, 中国	33.362144	118.979126	33.55233427026904	119.10756382105797
6084456	City	Suqian	宿迁	Suqian, China	宿迁, 中国	33.780327	118.518936	33.96457933039711	118.2696921159653
6084457	City	Hangzhou	杭州	Hangzhou, China	杭州, 中国	30.272320	120.136154	30.276412725101334	120.15037543556305
6084491	City	Ningbo	宁波	Ningbo, China	宁波, 中国	29.750122	121.524055	29.87090619334372	121.53981638047246
